{"generated_at": "2026-07-22T12:02:34.072187+00:00", "regime_score": 22.2, "regime_label": "bearish", "assets": {"ihsg": {"last": 6334.48, "ret_1m": 0.03821182454845853, "ret_3m": -0.1690949474236513, "above_ma200": false, "vol_annual": 0.248}, "usdidr": {"last": 17875.0, "ret_1m": 0.000727802037845706, "ret_3m": 0.03150787696924231, "above_ma200": true, "vol_annual": 0.076}, "oil": {"last": 87.4, "ret_1m": 0.16813688696025117, "ret_3m": -0.051340452279928644, "above_ma200": true, "vol_annual": 0.519}, "gas": {"last": 2.91, "ret_1m": -0.1060559564663655, "ret_3m": 0.07823506250597814, "above_ma200": false, "vol_annual": 0.931}, "gold": {"last": 4124.1, "ret_1m": -0.01382142232890511, "ret_3m": -0.1222330616006135, "above_ma200": false, "vol_annual": 0.281}, "copper": {"last": 6.51, "ret_1m": 0.024699136502050516, "ret_3m": 0.08531201747203135, "above_ma200": true, "vol_annual": 0.357}}, "sector_tailwind": {"Energy": 0.0134, "Basic Materials": -0.0185}}