{"generated_at": "2026-07-20T07:38:33.776717+00:00", "regime_score": 16.3, "regime_label": "bearish", "assets": {"ihsg": {"last": 6219.44, "ret_1m": 0.0068484309387697095, "ret_3m": -0.17076162749327278, "above_ma200": false, "vol_annual": 0.248}, "usdidr": {"last": 17950.0, "ret_1m": 0.00874430191291963, "ret_3m": 0.04767966154693942, "above_ma200": true, "vol_annual": 0.076}, "oil": {"last": 83.26, "ret_1m": 0.08425577736117537, "ret_3m": -0.007036330931749719, "above_ma200": true, "vol_annual": 0.52}, "gas": {"last": 2.87, "ret_1m": -0.08712239462315688, "ret_3m": 0.07367241020049897, "above_ma200": false, "vol_annual": 0.933}, "gold": {"last": 4009.2, "ret_1m": -0.08022665328557872, "ret_3m": -0.1746541768421243, "above_ma200": false, "vol_annual": 0.281}, "copper": {"last": 6.31, "ret_1m": -0.026768503749551874, "ret_3m": 0.03350539888110649, "above_ma200": true, "vol_annual": 0.357}}, "sector_tailwind": {"Energy": 0.0333, "Basic Materials": -0.0706}}