{"generated_at": "2026-07-20T12:26:20.812919+00:00", "regime_score": 16.7, "regime_label": "bearish", "assets": {"ihsg": {"last": 6231.78, "ret_1m": 0.008845619887025157, "ret_3m": -0.1691167466332057, "above_ma200": false, "vol_annual": 0.248}, "usdidr": {"last": 17935.0, "ret_1m": 0.007901340100736131, "ret_3m": 0.04680416322252694, "above_ma200": true, "vol_annual": 0.076}, "oil": {"last": 81.49, "ret_1m": 0.06120584571176666, "ret_3m": -0.028145505704212235, "above_ma200": true, "vol_annual": 0.52}, "gas": {"last": 2.88, "ret_1m": -0.0855326089148384, "ret_3m": 0.07554222170983924, "above_ma200": false, "vol_annual": 0.933}, "gold": {"last": 4016.6, "ret_1m": -0.07852894362255206, "ret_3m": -0.17313076068278557, "above_ma200": false, "vol_annual": 0.281}, "copper": {"last": 6.32, "ret_1m": -0.025457063652811647, "ret_3m": 0.03489805872155764, "above_ma200": true, "vol_annual": 0.357}}, "sector_tailwind": {"Energy": 0.0237, "Basic Materials": -0.0691}}