{"generated_at": "2026-07-23T12:01:50.379456+00:00", "regime_score": 28.7, "regime_label": "bearish", "assets": {"ihsg": {"last": 6315.31, "ret_1m": 0.07332408423835379, "ret_3m": -0.17136929088405808, "above_ma200": false, "vol_annual": 0.247}, "usdidr": {"last": 17910.0, "ret_1m": -0.0003348961821835231, "ret_3m": 0.038501681549344774, "above_ma200": true, "vol_annual": 0.075}, "oil": {"last": 90.43, "ret_1m": 0.23521378822630487, "ret_3m": -0.027215994021233453, "above_ma200": true, "vol_annual": 0.52}, "gas": {"last": 2.95, "ret_1m": -0.061328272525990615, "ret_3m": 0.08523149245044297, "above_ma200": false, "vol_annual": 0.929}, "gold": {"last": 4086.8, "ret_1m": -0.01043605281841468, "ret_3m": -0.13643950368132593, "above_ma200": false, "vol_annual": 0.281}, "copper": {"last": 6.46, "ret_1m": 0.05145741660008339, "ret_3m": 0.05506534305395506, "above_ma200": true, "vol_annual": 0.357}}, "sector_tailwind": {"Energy": 0.029, "Basic Materials": -0.0407}}