{"generated_at": "2026-07-21T11:59:27.493638+00:00", "regime_score": 21.8, "regime_label": "bearish", "assets": {"ihsg": {"last": 6340.02, "ret_1m": 0.03651159046221911, "ret_3m": -0.17404112173598194, "above_ma200": false, "vol_annual": 0.248}, "usdidr": {"last": 17875.0, "ret_1m": 0.0048909377108162806, "ret_3m": 0.03927439751155557, "above_ma200": true, "vol_annual": 0.076}, "oil": {"last": 83.88, "ret_1m": 0.09503915044797794, "ret_3m": -0.06394379330326302, "above_ma200": true, "vol_annual": 0.519}, "gas": {"last": 2.87, "ret_1m": -0.1116610134743737, "ret_3m": 0.06805507442800597, "above_ma200": false, "vol_annual": 0.931}, "gold": {"last": 4061.4, "ret_1m": -0.03851712590872894, "ret_3m": -0.15503686185082624, "above_ma200": false, "vol_annual": 0.281}, "copper": {"last": 6.53, "ret_1m": 0.02392346967208608, "ret_3m": 0.08134529386749946, "above_ma200": true, "vol_annual": 0.358}}, "sector_tailwind": {"Energy": 0.0021, "Basic Materials": -0.0368}}